{
	"formatVersion": 1,
	"appVersion": "0.59.4",
	"files": [
		{
			"isClone": false,
			"noteId": "root",
			"notePath": [
				"root"
			],
			"title": "root",
			"notePosition": 10,
			"prefix": null,
			"isExpanded": true,
			"type": "text",
			"mime": "text/html",
			"attributes": [],
			"format": "markdown",
			"dirFileName": "root",
			"children": [
				{
					"isClone": false,
					"noteId": "ptTuESmQgP55",
					"notePath": [
						"root",
						"ptTuESmQgP55"
					],
					"title": "Classes",
					"notePosition": 1000000009,
					"prefix": null,
					"isExpanded": false,
					"type": "text",
					"mime": "text/html",
					"attributes": [],
					"format": "markdown",
					"dirFileName": "Classes",
					"children": [
						{
							"isClone": false,
							"noteId": "2Jn96rkW109R",
							"notePath": [
								"root",
								"ptTuESmQgP55",
								"2Jn96rkW109R"
							],
							"title": "Cyber Operations",
							"notePosition": 10,
							"prefix": null,
							"isExpanded": false,
							"type": "text",
							"mime": "text/html",
							"attributes": [],
							"format": "markdown",
							"dirFileName": "Cyber Operations",
							"children": [
								{
									"isClone": false,
									"noteId": "xJPlvcNbO2dU",
									"notePath": [
										"root",
										"ptTuESmQgP55",
										"2Jn96rkW109R",
										"xJPlvcNbO2dU"
									],
									"title": "201 Intro to Computer Science 1",
									"notePosition": 10,
									"prefix": null,
									"isExpanded": false,
									"type": "text",
									"mime": "text/html",
									"attributes": [],
									"format": "markdown",
									"dataFileName": "201 Intro to Computer Science .md"
								},
								{
									"isClone": false,
									"noteId": "DmSXfywCMOOz",
									"notePath": [
										"root",
										"ptTuESmQgP55",
										"2Jn96rkW109R",
										"DmSXfywCMOOz"
									],
									"title": "211 Intro to Computer Science Lab",
									"notePosition": 30,
									"prefix": null,
									"isExpanded": false,
									"type": "text",
									"mime": "text/html",
									"attributes": [],
									"format": "markdown",
									"dataFileName": "211 Intro to Computer Science .md"
								},
								{
									"isClone": false,
									"noteId": "geD4zyeD3w5g",
									"notePath": [
										"root",
										"ptTuESmQgP55",
										"2Jn96rkW109R",
										"geD4zyeD3w5g"
									],
									"title": "202 Intro to Computer Science 2",
									"notePosition": 40,
									"prefix": null,
									"isExpanded": false,
									"type": "text",
									"mime": "text/html",
									"attributes": [],
									"format": "markdown",
									"dataFileName": "202 Intro to Computer Science .md"
								},
								{
									"isClone": false,
									"noteId": "5Uf5lFhM8H9h",
									"notePath": [
										"root",
										"ptTuESmQgP55",
										"2Jn96rkW109R",
										"5Uf5lFhM8H9h"
									],
									"title": "223 Data Structures and Algorithms",
									"notePosition": 50,
									"prefix": null,
									"isExpanded": false,
									"type": "text",
									"mime": "text/html",
									"attributes": [],
									"format": "markdown",
									"dataFileName": "223 Data Structures and Algori.md"
								},
								{
									"isClone": false,
									"noteId": "28oKkWNpEEi7",
									"notePath": [
										"root",
										"ptTuESmQgP55",
										"2Jn96rkW109R",
										"28oKkWNpEEi7"
									],
									"title": "227 Principals and Practices of Cyber Security",
									"notePosition": 60,
									"prefix": null,
									"isExpanded": false,
									"type": "text",
									"mime": "text/html",
									"attributes": [],
									"format": "markdown",
									"dataFileName": "227 Principals and Practices o.md"
								},
								{
									"isClone": false,
									"noteId": "7vkL7WpWNlRq",
									"notePath": [
										"root",
										"ptTuESmQgP55",
										"2Jn96rkW109R",
										"7vkL7WpWNlRq"
									],
									"title": "305 Computer Organ and Programs",
									"notePosition": 70,
									"prefix": null,
									"isExpanded": false,
									"type": "text",
									"mime": "text/html",
									"attributes": [],
									"format": "markdown",
									"dataFileName": "305 Computer Organ and Program.md"
								},
								{
									"isClone": false,
									"noteId": "lbd1WQlIvQnB",
									"notePath": [
										"root",
										"ptTuESmQgP55",
										"2Jn96rkW109R",
										"lbd1WQlIvQnB"
									],
									"title": "317 Computer Networks and Internets",
									"notePosition": 80,
									"prefix": null,
									"isExpanded": false,
									"type": "text",
									"mime": "text/html",
									"attributes": [],
									"format": "markdown",
									"dataFileName": "317 Computer Networks and Inte.md"
								},
								{
									"isClone": false,
									"noteId": "VtbME1VYGkdC",
									"notePath": [
										"root",
										"ptTuESmQgP55",
										"2Jn96rkW109R",
										"VtbME1VYGkdC"
									],
									"title": "320 Database Design",
									"notePosition": 90,
									"prefix": null,
									"isExpanded": false,
									"type": "text",
									"mime": "text/html",
									"attributes": [],
									"format": "markdown",
									"dataFileName": "320 Database Design.md"
								},
								{
									"isClone": false,
									"noteId": "aDefllErq10H",
									"notePath": [
										"root",
										"ptTuESmQgP55",
										"2Jn96rkW109R",
										"aDefllErq10H"
									],
									"title": "327 Computer Security",
									"notePosition": 100,
									"prefix": null,
									"isExpanded": false,
									"type": "text",
									"mime": "text/html",
									"attributes": [],
									"format": "markdown",
									"dataFileName": "327 Computer Security.md"
								},
								{
									"isClone": false,
									"noteId": "Yx2ITkUSTx76",
									"notePath": [
										"root",
										"ptTuESmQgP55",
										"2Jn96rkW109R",
										"Yx2ITkUSTx76"
									],
									"title": "405 Operating Systems and Computer Architecture ",
									"notePosition": 110,
									"prefix": null,
									"isExpanded": false,
									"type": "text",
									"mime": "text/html",
									"attributes": [],
									"format": "markdown",
									"dataFileName": "405 Operating Systems and Comp.md"
								},
								{
									"isClone": false,
									"noteId": "vuxwqAwIqoSa",
									"notePath": [
										"root",
										"ptTuESmQgP55",
										"2Jn96rkW109R",
										"vuxwqAwIqoSa"
									],
									"title": "408 Software Security ",
									"notePosition": 120,
									"prefix": null,
									"isExpanded": false,
									"type": "text",
									"mime": "text/html",
									"attributes": [],
									"format": "markdown",
									"dataFileName": "408 Software Security.md"
								},
								{
									"isClone": false,
									"noteId": "dNe7RJzlCsQi",
									"notePath": [
										"root",
										"ptTuESmQgP55",
										"2Jn96rkW109R",
										"dNe7RJzlCsQi"
									],
									"title": "409 Malware Analysis ",
									"notePosition": 130,
									"prefix": null,
									"isExpanded": false,
									"type": "text",
									"mime": "text/html",
									"attributes": [],
									"format": "markdown",
									"dataFileName": "409 Malware Analysis.md"
								},
								{
									"isClone": false,
									"noteId": "KpiqoafuxcEi",
									"notePath": [
										"root",
										"ptTuESmQgP55",
										"2Jn96rkW109R",
										"KpiqoafuxcEi"
									],
									"title": "410 Offensive Cyber Operations",
									"notePosition": 140,
									"prefix": null,
									"isExpanded": false,
									"type": "text",
									"mime": "text/html",
									"attributes": [],
									"format": "markdown",
									"dataFileName": "410 Offensive Cyber Operations.md"
								},
								{
									"isClone": false,
									"noteId": "Sh3t6X940UqQ",
									"notePath": [
										"root",
										"ptTuESmQgP55",
										"2Jn96rkW109R",
										"Sh3t6X940UqQ"
									],
									"title": "411 Cyber Forensics ",
									"notePosition": 150,
									"prefix": null,
									"isExpanded": false,
									"type": "text",
									"mime": "text/html",
									"attributes": [],
									"format": "markdown",
									"dataFileName": "411 Cyber Forensics.md"
								},
								{
									"isClone": false,
									"noteId": "8xAPaDrUvf6G",
									"notePath": [
										"root",
										"ptTuESmQgP55",
										"2Jn96rkW109R",
										"8xAPaDrUvf6G"
									],
									"title": "427 Advanced Cyber Security ",
									"notePosition": 160,
									"prefix": null,
									"isExpanded": false,
									"type": "text",
									"mime": "text/html",
									"attributes": [],
									"format": "markdown",
									"dataFileName": "427 Advanced Cyber Security.md"
								},
								{
									"isClone": false,
									"noteId": "a1egOOvTgN34",
									"notePath": [
										"root",
										"ptTuESmQgP55",
										"2Jn96rkW109R",
										"a1egOOvTgN34"
									],
									"title": "495 Senior Seminar",
									"notePosition": 170,
									"prefix": null,
									"isExpanded": false,
									"type": "text",
									"mime": "text/html",
									"attributes": [],
									"format": "markdown",
									"dataFileName": "495 Senior Seminar.md"
								},
								{
									"isClone": false,
									"noteId": "DgnSfDYERCtb",
									"notePath": [
										"root",
										"ptTuESmQgP55",
										"2Jn96rkW109R",
										"DgnSfDYERCtb"
									],
									"title": "Cyber OPS Elective",
									"notePosition": 180,
									"prefix": null,
									"isExpanded": false,
									"type": "text",
									"mime": "text/html",
									"attributes": [],
									"format": "markdown",
									"dataFileName": "Cyber OPS Elective.md"
								}
							]
						},
						{
							"isClone": false,
							"noteId": "AL1OemJO3LS4",
							"notePath": [
								"root",
								"ptTuESmQgP55",
								"AL1OemJO3LS4"
							],
							"title": "Computer Science",
							"notePosition": 30,
							"prefix": null,
							"isExpanded": false,
							"type": "text",
							"mime": "text/html",
							"attributes": [],
							"format": "markdown",
							"dirFileName": "Computer Science",
							"children": [
								{
									"isClone": true,
									"noteId": "a1egOOvTgN34",
									"notePath": [
										"root",
										"ptTuESmQgP55",
										"AL1OemJO3LS4",
										"a1egOOvTgN34"
									],
									"title": "495 Senior Seminar",
									"prefix": null,
									"dataFileName": "495 Senior Seminar.clone.md",
									"type": "text",
									"format": "markdown"
								},
								{
									"isClone": true,
									"noteId": "xJPlvcNbO2dU",
									"notePath": [
										"root",
										"ptTuESmQgP55",
										"AL1OemJO3LS4",
										"xJPlvcNbO2dU"
									],
									"title": "201 Intro to Computer Science 1",
									"prefix": null,
									"dataFileName": "201 Intro to Computer Science 1.clone.md",
									"type": "text",
									"format": "markdown"
								},
								{
									"isClone": true,
									"noteId": "DmSXfywCMOOz",
									"notePath": [
										"root",
										"ptTuESmQgP55",
										"AL1OemJO3LS4",
										"DmSXfywCMOOz"
									],
									"title": "211 Intro to Computer Science Lab",
									"prefix": null,
									"dataFileName": "211 Intro to Computer Science Lab.clone.md",
									"type": "text",
									"format": "markdown"
								},
								{
									"isClone": true,
									"noteId": "geD4zyeD3w5g",
									"notePath": [
										"root",
										"ptTuESmQgP55",
										"AL1OemJO3LS4",
										"geD4zyeD3w5g"
									],
									"title": "202 Intro to Computer Science 2",
									"prefix": null,
									"dataFileName": "202 Intro to Computer Science 2.clone.md",
									"type": "text",
									"format": "markdown"
								},
								{
									"isClone": true,
									"noteId": "5Uf5lFhM8H9h",
									"notePath": [
										"root",
										"ptTuESmQgP55",
										"AL1OemJO3LS4",
										"5Uf5lFhM8H9h"
									],
									"title": "223 Data Structures and Algorithms",
									"prefix": null,
									"dataFileName": "223 Data Structures and Algorithms.clone.md",
									"type": "text",
									"format": "markdown"
								},
								{
									"isClone": true,
									"noteId": "7vkL7WpWNlRq",
									"notePath": [
										"root",
										"ptTuESmQgP55",
										"AL1OemJO3LS4",
										"7vkL7WpWNlRq"
									],
									"title": "305 Computer Organ and Programs",
									"prefix": null,
									"dataFileName": "305 Computer Organ and Programs.clone.md",
									"type": "text",
									"format": "markdown"
								},
								{
									"isClone": true,
									"noteId": "lbd1WQlIvQnB",
									"notePath": [
										"root",
										"ptTuESmQgP55",
										"AL1OemJO3LS4",
										"lbd1WQlIvQnB"
									],
									"title": "317 Computer Networks and Internets",
									"prefix": null,
									"dataFileName": "317 Computer Networks and Internets.clone.md",
									"type": "text",
									"format": "markdown"
								},
								{
									"isClone": true,
									"noteId": "VtbME1VYGkdC",
									"notePath": [
										"root",
										"ptTuESmQgP55",
										"AL1OemJO3LS4",
										"VtbME1VYGkdC"
									],
									"title": "320 Database Design",
									"prefix": null,
									"dataFileName": "320 Database Design.clone.md",
									"type": "text",
									"format": "markdown"
								},
								{
									"isClone": false,
									"noteId": "464I2s26HTJW",
									"notePath": [
										"root",
										"ptTuESmQgP55",
										"AL1OemJO3LS4",
										"464I2s26HTJW"
									],
									"title": "355 Programming Languages",
									"notePosition": 90,
									"prefix": null,
									"isExpanded": false,
									"type": "text",
									"mime": "text/html",
									"attributes": [],
									"format": "markdown",
									"dataFileName": "355 Programming Languages.md"
								},
								{
									"isClone": true,
									"noteId": "Yx2ITkUSTx76",
									"notePath": [
										"root",
										"ptTuESmQgP55",
										"AL1OemJO3LS4",
										"Yx2ITkUSTx76"
									],
									"title": "405 Operating Systems and Computer Architecture ",
									"prefix": null,
									"dataFileName": "405 Operating Systems and Computer Architecture.clone.md",
									"type": "text",
									"format": "markdown"
								},
								{
									"isClone": false,
									"noteId": "k61RnGflOm07",
									"notePath": [
										"root",
										"ptTuESmQgP55",
										"AL1OemJO3LS4",
										"k61RnGflOm07"
									],
									"title": "420 Software Engineering",
									"notePosition": 110,
									"prefix": null,
									"isExpanded": false,
									"type": "text",
									"mime": "text/html",
									"attributes": [],
									"format": "markdown",
									"dataFileName": "420 Software Engineering.md"
								},
								{
									"isClone": false,
									"noteId": "aewrYZMueZ8Y",
									"notePath": [
										"root",
										"ptTuESmQgP55",
										"AL1OemJO3LS4",
										"aewrYZMueZ8Y"
									],
									"title": "421 Software Engineering Practicum or 499 Research",
									"notePosition": 120,
									"prefix": null,
									"isExpanded": false,
									"type": "text",
									"mime": "text/html",
									"attributes": [],
									"format": "markdown",
									"dataFileName": "421 Software Engineering Pract.md"
								},
								{
									"isClone": false,
									"noteId": "m919X3CIiOTu",
									"notePath": [
										"root",
										"ptTuESmQgP55",
										"AL1OemJO3LS4",
										"m919X3CIiOTu"
									],
									"title": "Computer Science Elective 1",
									"notePosition": 130,
									"prefix": null,
									"isExpanded": false,
									"type": "text",
									"mime": "text/html",
									"attributes": [],
									"format": "markdown",
									"dataFileName": "Computer Science Elective 1.md"
								},
								{
									"isClone": false,
									"noteId": "NynLbVRXJAIT",
									"notePath": [
										"root",
										"ptTuESmQgP55",
										"AL1OemJO3LS4",
										"NynLbVRXJAIT"
									],
									"title": "Computer Science Elective 2",
									"notePosition": 140,
									"prefix": null,
									"isExpanded": false,
									"type": "text",
									"mime": "text/html",
									"attributes": [],
									"format": "markdown",
									"dataFileName": "Computer Science Elective 2.md"
								}
							]
						},
						{
							"isClone": false,
							"noteId": "8lR7u6ESpGNY",
							"notePath": [
								"root",
								"ptTuESmQgP55",
								"8lR7u6ESpGNY"
							],
							"title": "Non Departmental",
							"notePosition": 40,
							"prefix": null,
							"isExpanded": false,
							"type": "text",
							"mime": "text/html",
							"attributes": [],
							"format": "markdown",
							"dirFileName": "Non Departmental",
							"children": [
								{
									"isClone": false,
									"noteId": "nej7xKFDAdtF",
									"notePath": [
										"root",
										"ptTuESmQgP55",
										"8lR7u6ESpGNY",
										"nej7xKFDAdtF"
									],
									"title": "Elec 311 Digital Logic and Circuits",
									"notePosition": 10,
									"prefix": null,
									"isExpanded": false,
									"type": "text",
									"mime": "text/html",
									"attributes": [],
									"format": "markdown",
									"dataFileName": "Elec 311 Digital Logic and Cir.md"
								},
								{
									"isClone": false,
									"noteId": "9rfsBKhAcm2A",
									"notePath": [
										"root",
										"ptTuESmQgP55",
										"8lR7u6ESpGNY",
										"9rfsBKhAcm2A"
									],
									"title": "Elec 330 Digital System Engr",
									"notePosition": 20,
									"prefix": null,
									"isExpanded": false,
									"type": "text",
									"mime": "text/html",
									"attributes": [],
									"format": "markdown",
									"dataFileName": "Elec 330 Digital System Engr.md"
								},
								{
									"isClone": false,
									"noteId": "tUnIQwkoeEKq",
									"notePath": [
										"root",
										"ptTuESmQgP55",
										"8lR7u6ESpGNY",
										"tUnIQwkoeEKq"
									],
									"title": "Math 132 Calculus 2",
									"notePosition": 30,
									"prefix": null,
									"isExpanded": false,
									"type": "text",
									"mime": "text/html",
									"attributes": [],
									"format": "markdown",
									"dataFileName": "Math 132 Calculus 2.md"
								},
								{
									"isClone": false,
									"noteId": "yUd4h0i5wJvr",
									"notePath": [
										"root",
										"ptTuESmQgP55",
										"8lR7u6ESpGNY",
										"yUd4h0i5wJvr"
									],
									"title": "Math 206 Discrete Structures",
									"notePosition": 40,
									"prefix": null,
									"isExpanded": false,
									"type": "text",
									"mime": "text/html",
									"attributes": [],
									"format": "markdown",
									"dataFileName": "Math 206 Discrete Structures.md"
								},
								{
									"isClone": false,
									"noteId": "93GbYCWq1W2B",
									"notePath": [
										"root",
										"ptTuESmQgP55",
										"8lR7u6ESpGNY",
										"93GbYCWq1W2B"
									],
									"title": "Stat 261 Intro to Probability and Statistics",
									"notePosition": 50,
									"prefix": null,
									"isExpanded": false,
									"type": "text",
									"mime": "text/html",
									"attributes": [],
									"format": "markdown",
									"dataFileName": "Stat 261 Intro to Probability .md"
								},
								{
									"isClone": false,
									"noteId": "FOkFncgvbt4I",
									"notePath": [
										"root",
										"ptTuESmQgP55",
										"8lR7u6ESpGNY",
										"FOkFncgvbt4I"
									],
									"title": "Advanced Science",
									"notePosition": 60,
									"prefix": null,
									"isExpanded": false,
									"type": "text",
									"mime": "text/html",
									"attributes": [],
									"format": "markdown",
									"dataFileName": "Advanced Science.md"
								}
							]
						},
						{
							"isClone": false,
							"noteId": "lKZFjSWQfqGY",
							"notePath": [
								"root",
								"ptTuESmQgP55",
								"lKZFjSWQfqGY"
							],
							"title": "Core ",
							"notePosition": 50,
							"prefix": null,
							"isExpanded": false,
							"type": "text",
							"mime": "text/html",
							"attributes": [],
							"format": "markdown",
							"dirFileName": "Core",
							"children": [
								{
									"isClone": false,
									"noteId": "5rZVYf3b7ZYl",
									"notePath": [
										"root",
										"ptTuESmQgP55",
										"lKZFjSWQfqGY",
										"5rZVYf3b7ZYl"
									],
									"title": "Freshman Science",
									"notePosition": 10,
									"prefix": null,
									"isExpanded": false,
									"type": "text",
									"mime": "text/html",
									"attributes": [],
									"format": "markdown",
									"dataFileName": "Freshman Science.md"
								},
								{
									"isClone": false,
									"noteId": "IPSMl2I6TDnN",
									"notePath": [
										"root",
										"ptTuESmQgP55",
										"lKZFjSWQfqGY",
										"IPSMl2I6TDnN"
									],
									"title": "Strand History",
									"notePosition": 20,
									"prefix": null,
									"isExpanded": false,
									"type": "text",
									"mime": "text/html",
									"attributes": [],
									"format": "markdown",
									"dataFileName": "Strand History.md"
								},
								{
									"isClone": false,
									"noteId": "IEFRbVa5it7k",
									"notePath": [
										"root",
										"ptTuESmQgP55",
										"lKZFjSWQfqGY",
										"IEFRbVa5it7k"
									],
									"title": "Strand English",
									"notePosition": 30,
									"prefix": null,
									"isExpanded": false,
									"type": "text",
									"mime": "text/html",
									"attributes": [],
									"format": "markdown",
									"dataFileName": "Strand English.md"
								},
								{
									"isClone": false,
									"noteId": "JRmayOek1Npg",
									"notePath": [
										"root",
										"ptTuESmQgP55",
										"lKZFjSWQfqGY",
										"JRmayOek1Npg"
									],
									"title": "Strand Social Science",
									"notePosition": 40,
									"prefix": null,
									"isExpanded": false,
									"type": "text",
									"mime": "text/html",
									"attributes": [],
									"format": "markdown",
									"dataFileName": "Strand Social Science.md"
								},
								{
									"isClone": false,
									"noteId": "WiXyg5alzJLW",
									"notePath": [
										"root",
										"ptTuESmQgP55",
										"lKZFjSWQfqGY",
										"WiXyg5alzJLW"
									],
									"title": "Strand Elective",
									"notePosition": 50,
									"prefix": null,
									"isExpanded": false,
									"type": "text",
									"mime": "text/html",
									"attributes": [],
									"format": "markdown",
									"dataFileName": "Strand Elective.md"
								},
								{
									"isClone": false,
									"noteId": "8HcfsOl2sVpU",
									"notePath": [
										"root",
										"ptTuESmQgP55",
										"lKZFjSWQfqGY",
										"8HcfsOl2sVpU"
									],
									"title": "LDRS 371 Junior Leadership Seminar",
									"notePosition": 60,
									"prefix": null,
									"isExpanded": false,
									"type": "text",
									"mime": "text/html",
									"attributes": [],
									"format": "markdown",
									"dataFileName": "LDRS 371 Junior Leadership Sem.md"
								},
								{
									"isClone": false,
									"noteId": "6wlmvQucn3hU",
									"notePath": [
										"root",
										"ptTuESmQgP55",
										"lKZFjSWQfqGY",
										"6wlmvQucn3hU"
									],
									"title": "Math 131 Calculus 1",
									"notePosition": 70,
									"prefix": null,
									"isExpanded": false,
									"type": "text",
									"mime": "text/html",
									"attributes": [],
									"format": "markdown",
									"dataFileName": "Math 131 Calculus 1.md"
								},
								{
									"isClone": false,
									"noteId": "sbVJqbJ4rHYZ",
									"notePath": [
										"root",
										"ptTuESmQgP55",
										"lKZFjSWQfqGY",
										"sbVJqbJ4rHYZ"
									],
									"title": "Freshman Seminar",
									"notePosition": 80,
									"prefix": null,
									"isExpanded": false,
									"type": "text",
									"mime": "text/html",
									"attributes": [],
									"format": "markdown",
									"dataFileName": "Freshman Seminar.md"
								},
								{
									"isClone": false,
									"noteId": "nA27AZKWup9u",
									"notePath": [
										"root",
										"ptTuESmQgP55",
										"lKZFjSWQfqGY",
										"nA27AZKWup9u"
									],
									"title": "Freshman Writing Seminar",
									"notePosition": 90,
									"prefix": null,
									"isExpanded": false,
									"type": "text",
									"mime": "text/html",
									"attributes": [],
									"format": "markdown",
									"dataFileName": "Freshman Writing Seminar.md"
								}
							]
						},
						{
							"isClone": false,
							"noteId": "lceHWjZD1VfH",
							"notePath": [
								"root",
								"ptTuESmQgP55",
								"lceHWjZD1VfH"
							],
							"title": "Cadet Requirements",
							"notePosition": 60,
							"prefix": null,
							"isExpanded": false,
							"type": "text",
							"mime": "text/html",
							"attributes": [],
							"format": "markdown",
							"dirFileName": "Cadet Requirements",
							"children": [
								{
									"isClone": false,
									"noteId": "Xo3vmXGQsDwx",
									"notePath": [
										"root",
										"ptTuESmQgP55",
										"lceHWjZD1VfH",
										"Xo3vmXGQsDwx"
									],
									"title": "LDRS 101",
									"notePosition": 10,
									"prefix": null,
									"isExpanded": false,
									"type": "text",
									"mime": "text/html",
									"attributes": [],
									"format": "markdown",
									"dataFileName": "LDRS 101.md"
								},
								{
									"isClone": false,
									"noteId": "117cBUxXsZ3p",
									"notePath": [
										"root",
										"ptTuESmQgP55",
										"lceHWjZD1VfH",
										"117cBUxXsZ3p"
									],
									"title": "LDRS 211",
									"notePosition": 20,
									"prefix": null,
									"isExpanded": false,
									"type": "text",
									"mime": "text/html",
									"attributes": [],
									"format": "markdown",
									"dataFileName": "LDRS 211.md"
								},
								{
									"isClone": false,
									"noteId": "E3z2vE4pXV6z",
									"notePath": [
										"root",
										"ptTuESmQgP55",
										"lceHWjZD1VfH",
										"E3z2vE4pXV6z"
									],
									"title": "LDRS 311",
									"notePosition": 30,
									"prefix": null,
									"isExpanded": false,
									"type": "text",
									"mime": "text/html",
									"attributes": [],
									"format": "markdown",
									"dataFileName": "LDRS 311.md"
								},
								{
									"isClone": false,
									"noteId": "dA4vpudrtpoH",
									"notePath": [
										"root",
										"ptTuESmQgP55",
										"lceHWjZD1VfH",
										"dA4vpudrtpoH"
									],
									"title": "LDRS 411",
									"notePosition": 40,
									"prefix": null,
									"isExpanded": false,
									"type": "text",
									"mime": "text/html",
									"attributes": [],
									"format": "markdown",
									"dataFileName": "LDRS 411.md"
								},
								{
									"isClone": false,
									"noteId": "LlcbcO0jgW8D",
									"notePath": [
										"root",
										"ptTuESmQgP55",
										"lceHWjZD1VfH",
										"LlcbcO0jgW8D"
									],
									"title": "ROTC 1",
									"notePosition": 50,
									"prefix": null,
									"isExpanded": false,
									"type": "text",
									"mime": "text/html",
									"attributes": [],
									"format": "markdown",
									"dataFileName": "ROTC 1.md"
								},
								{
									"isClone": false,
									"noteId": "84bv04wAO8UX",
									"notePath": [
										"root",
										"ptTuESmQgP55",
										"lceHWjZD1VfH",
										"84bv04wAO8UX"
									],
									"title": "ROTC 2",
									"notePosition": 60,
									"prefix": null,
									"isExpanded": false,
									"type": "text",
									"mime": "text/html",
									"attributes": [],
									"format": "markdown",
									"dataFileName": "ROTC 2.md"
								},
								{
									"isClone": false,
									"noteId": "DWPQMxoBBO2n",
									"notePath": [
										"root",
										"ptTuESmQgP55",
										"lceHWjZD1VfH",
										"DWPQMxoBBO2n"
									],
									"title": "ROTC 3",
									"notePosition": 70,
									"prefix": null,
									"isExpanded": false,
									"type": "text",
									"mime": "text/html",
									"attributes": [],
									"format": "markdown",
									"dataFileName": "ROTC 3.md"
								},
								{
									"isClone": false,
									"noteId": "yrECqav84i0H",
									"notePath": [
										"root",
										"ptTuESmQgP55",
										"lceHWjZD1VfH",
										"yrECqav84i0H"
									],
									"title": "ROTC 4",
									"notePosition": 80,
									"prefix": null,
									"isExpanded": false,
									"type": "text",
									"mime": "text/html",
									"attributes": [],
									"format": "markdown",
									"dataFileName": "ROTC 4.md"
								},
								{
									"isClone": false,
									"noteId": "qdK4JtXw4Fjs",
									"notePath": [
										"root",
										"ptTuESmQgP55",
										"lceHWjZD1VfH",
										"qdK4JtXw4Fjs"
									],
									"title": "Fulfillment 1",
									"notePosition": 90,
									"prefix": null,
									"isExpanded": false,
									"type": "text",
									"mime": "text/html",
									"attributes": [],
									"format": "markdown",
									"dataFileName": "Fulfillment 1.md"
								},
								{
									"isClone": false,
									"noteId": "3KVunUhPbthF",
									"notePath": [
										"root",
										"ptTuESmQgP55",
										"lceHWjZD1VfH",
										"3KVunUhPbthF"
									],
									"title": "Fulfillment 2",
									"notePosition": 100,
									"prefix": null,
									"isExpanded": false,
									"type": "text",
									"mime": "text/html",
									"attributes": [],
									"format": "markdown",
									"dataFileName": "Fulfillment 2.md"
								},
								{
									"isClone": false,
									"noteId": "j2nESMTOmzs0",
									"notePath": [
										"root",
										"ptTuESmQgP55",
										"lceHWjZD1VfH",
										"j2nESMTOmzs0"
									],
									"title": "Fulfillment 3",
									"notePosition": 110,
									"prefix": null,
									"isExpanded": false,
									"type": "text",
									"mime": "text/html",
									"attributes": [],
									"format": "markdown",
									"dataFileName": "Fulfillment 3.md"
								},
								{
									"isClone": true,
									"noteId": "8HcfsOl2sVpU",
									"notePath": [
										"root",
										"ptTuESmQgP55",
										"lceHWjZD1VfH",
										"8HcfsOl2sVpU"
									],
									"title": "LDRS 371 Junior Leadership Seminar",
									"prefix": null,
									"dataFileName": "LDRS 371 Junior Leadership Seminar.clone.md",
									"type": "text",
									"format": "markdown"
								}
							]
						}
					]
				},
				{
					"isClone": false,
					"noteId": "qSdnaFWfY2un",
					"notePath": [
						"root",
						"qSdnaFWfY2un"
					],
					"title": "Cyber Team/Club",
					"notePosition": 1000000019,
					"prefix": null,
					"isExpanded": false,
					"type": "text",
					"mime": "text/html",
					"attributes": [],
					"format": "markdown",
					"dirFileName": "Cyber TeamClub",
					"children": [
						{
							"isClone": false,
							"noteId": "Th2iuaO3AZ8b",
							"notePath": [
								"root",
								"qSdnaFWfY2un",
								"Th2iuaO3AZ8b"
							],
							"title": "Red",
							"notePosition": 10,
							"prefix": null,
							"isExpanded": true,
							"type": "text",
							"mime": "text/html",
							"attributes": [],
							"format": "markdown",
							"dataFileName": "Red.md",
							"dirFileName": "Red",
							"children": [
								{
									"isClone": false,
									"noteId": "XJ07H3KUNhm2",
									"notePath": [
										"root",
										"qSdnaFWfY2un",
										"Th2iuaO3AZ8b",
										"XJ07H3KUNhm2"
									],
									"title": "Persistence",
									"notePosition": 10,
									"prefix": null,
									"isExpanded": false,
									"type": "text",
									"mime": "text/html",
									"attributes": [],
									"format": "markdown",
									"dataFileName": "Persistence.md"
								},
								{
									"isClone": false,
									"noteId": "5kjElJm2pNhg",
									"notePath": [
										"root",
										"qSdnaFWfY2un",
										"Th2iuaO3AZ8b",
										"5kjElJm2pNhg"
									],
									"title": "Privilege escalation ",
									"notePosition": 20,
									"prefix": null,
									"isExpanded": false,
									"type": "text",
									"mime": "text/html",
									"attributes": [],
									"format": "markdown",
									"dataFileName": "Privilege escalation.md"
								},
								{
									"isClone": false,
									"noteId": "ynOENPrkAFec",
									"notePath": [
										"root",
										"qSdnaFWfY2un",
										"Th2iuaO3AZ8b",
										"ynOENPrkAFec"
									],
									"title": "Lateral movement",
									"notePosition": 30,
									"prefix": null,
									"isExpanded": false,
									"type": "text",
									"mime": "text/html",
									"attributes": [],
									"format": "markdown",
									"dataFileName": "Lateral movement.md"
								},
								{
									"isClone": false,
									"noteId": "5GdLhHg0TWX3",
									"notePath": [
										"root",
										"qSdnaFWfY2un",
										"Th2iuaO3AZ8b",
										"5GdLhHg0TWX3"
									],
									"title": "Scheduled task/Cron job",
									"notePosition": 40,
									"prefix": null,
									"isExpanded": false,
									"type": "text",
									"mime": "text/html",
									"attributes": [],
									"format": "markdown",
									"dataFileName": "Scheduled taskCron job.md"
								},
								{
									"isClone": false,
									"noteId": "sBz3x0IBmNQI",
									"notePath": [
										"root",
										"qSdnaFWfY2un",
										"Th2iuaO3AZ8b",
										"sBz3x0IBmNQI"
									],
									"title": "Phishing",
									"notePosition": 50,
									"prefix": null,
									"isExpanded": false,
									"type": "text",
									"mime": "text/html",
									"attributes": [],
									"format": "markdown",
									"dataFileName": "Phishing.md"
								},
								{
									"isClone": false,
									"noteId": "n75sBIE2Yuvt",
									"notePath": [
										"root",
										"qSdnaFWfY2un",
										"Th2iuaO3AZ8b",
										"n75sBIE2Yuvt"
									],
									"title": "OSINT",
									"notePosition": 60,
									"prefix": null,
									"isExpanded": false,
									"type": "text",
									"mime": "text/html",
									"attributes": [],
									"format": "markdown",
									"dirFileName": "OSINT",
									"children": [
										{
											"isClone": false,
											"noteId": "AWeoK4HAWkHk",
											"notePath": [
												"root",
												"qSdnaFWfY2un",
												"Th2iuaO3AZ8b",
												"n75sBIE2Yuvt",
												"AWeoK4HAWkHk"
											],
											"title": "TheHarvester",
											"notePosition": 10,
											"prefix": null,
											"isExpanded": false,
											"type": "text",
											"mime": "text/html",
											"attributes": [],
											"format": "markdown",
											"dataFileName": "TheHarvester.md"
										},
										{
											"isClone": false,
											"noteId": "dr2TLoVU2erl",
											"notePath": [
												"root",
												"qSdnaFWfY2un",
												"Th2iuaO3AZ8b",
												"n75sBIE2Yuvt",
												"dr2TLoVU2erl"
											],
											"title": "Shodin",
											"notePosition": 20,
											"prefix": null,
											"isExpanded": false,
											"type": "text",
											"mime": "text/html",
											"attributes": [],
											"format": "markdown",
											"dataFileName": "Shodin.md"
										}
									]
								},
								{
									"isClone": false,
									"noteId": "l4TZYhab8iKC",
									"notePath": [
										"root",
										"qSdnaFWfY2un",
										"Th2iuaO3AZ8b",
										"l4TZYhab8iKC"
									],
									"title": "Scanning",
									"notePosition": 70,
									"prefix": null,
									"isExpanded": false,
									"type": "text",
									"mime": "text/html",
									"attributes": [],
									"format": "markdown",
									"dataFileName": "Scanning.md"
								},
								{
									"isClone": false,
									"noteId": "vnfhX5uXKdBs",
									"notePath": [
										"root",
										"qSdnaFWfY2un",
										"Th2iuaO3AZ8b",
										"vnfhX5uXKdBs"
									],
									"title": "Web exploitation",
									"notePosition": 80,
									"prefix": null,
									"isExpanded": false,
									"type": "text",
									"mime": "text/html",
									"attributes": [],
									"format": "markdown",
									"dirFileName": "Web exploitation",
									"children": [
										{
											"isClone": false,
											"noteId": "U8G4lCqsMN8o",
											"notePath": [
												"root",
												"qSdnaFWfY2un",
												"Th2iuaO3AZ8b",
												"vnfhX5uXKdBs",
												"U8G4lCqsMN8o"
											],
											"title": "Directory busting ",
											"notePosition": 10,
											"prefix": null,
											"isExpanded": false,
											"type": "text",
											"mime": "text/html",
											"attributes": [],
											"format": "markdown",
											"dataFileName": "Directory busting.md"
										},
										{
											"isClone": false,
											"noteId": "D0T5iDVKLYc0",
											"notePath": [
												"root",
												"qSdnaFWfY2un",
												"Th2iuaO3AZ8b",
												"vnfhX5uXKdBs",
												"D0T5iDVKLYc0"
											],
											"title": "Crackmap",
											"notePosition": 20,
											"prefix": null,
											"isExpanded": false,
											"type": "text",
											"mime": "text/html",
											"attributes": [],
											"format": "markdown",
											"dataFileName": "Crackmap.md"
										},
										{
											"isClone": false,
											"noteId": "RG58XMpNhRkh",
											"notePath": [
												"root",
												"qSdnaFWfY2un",
												"Th2iuaO3AZ8b",
												"vnfhX5uXKdBs",
												"RG58XMpNhRkh"
											],
											"title": "Sqlmap",
											"notePosition": 30,
											"prefix": null,
											"isExpanded": false,
											"type": "text",
											"mime": "text/html",
											"attributes": [],
											"format": "markdown",
											"dataFileName": "Sqlmap.md"
										}
									]
								},
								{
									"isClone": false,
									"noteId": "o11rsAk2U4X6",
									"notePath": [
										"root",
										"qSdnaFWfY2un",
										"Th2iuaO3AZ8b",
										"o11rsAk2U4X6"
									],
									"title": "Exploitdb",
									"notePosition": 90,
									"prefix": null,
									"isExpanded": false,
									"type": "text",
									"mime": "text/html",
									"attributes": [],
									"format": "markdown",
									"dataFileName": "Exploitdb.md"
								},
								{
									"isClone": false,
									"noteId": "mqje607ksErB",
									"notePath": [
										"root",
										"qSdnaFWfY2un",
										"Th2iuaO3AZ8b",
										"mqje607ksErB"
									],
									"title": "Metasploit",
									"notePosition": 100,
									"prefix": null,
									"isExpanded": false,
									"type": "text",
									"mime": "text/html",
									"attributes": [],
									"format": "markdown",
									"dataFileName": "Metasploit.md"
								},
								{
									"isClone": false,
									"noteId": "Gj2uevzRDUTl",
									"notePath": [
										"root",
										"qSdnaFWfY2un",
										"Th2iuaO3AZ8b",
										"Gj2uevzRDUTl"
									],
									"title": "Ansible",
									"notePosition": 110,
									"prefix": null,
									"isExpanded": false,
									"type": "text",
									"mime": "text/html",
									"attributes": [],
									"format": "markdown",
									"dataFileName": "Ansible.md"
								},
								{
									"isClone": false,
									"noteId": "sglJO0zsLIlP",
									"notePath": [
										"root",
										"qSdnaFWfY2un",
										"Th2iuaO3AZ8b",
										"sglJO0zsLIlP"
									],
									"title": "Cobalt Strike",
									"notePosition": 120,
									"prefix": null,
									"isExpanded": false,
									"type": "text",
									"mime": "text/html",
									"attributes": [],
									"format": "markdown",
									"dataFileName": "Cobalt Strike.md"
								},
								{
									"isClone": false,
									"noteId": "jpupO5ffCPZQ",
									"notePath": [
										"root",
										"qSdnaFWfY2un",
										"Th2iuaO3AZ8b",
										"jpupO5ffCPZQ"
									],
									"title": "Effects",
									"notePosition": 130,
									"prefix": null,
									"isExpanded": false,
									"type": "text",
									"mime": "text/html",
									"attributes": [],
									"format": "markdown",
									"dataFileName": "Effects.md"
								}
							]
						},
						{
							"isClone": false,
							"noteId": "227h1VMfkiRz",
							"notePath": [
								"root",
								"qSdnaFWfY2un",
								"227h1VMfkiRz"
							],
							"title": "Blue",
							"notePosition": 20,
							"prefix": null,
							"isExpanded": false,
							"type": "text",
							"mime": "text/html",
							"attributes": [],
							"format": "markdown",
							"dataFileName": "Blue.md",
							"dirFileName": "Blue",
							"children": [
								{
									"isClone": false,
									"noteId": "zVFcwtJNS2g6",
									"notePath": [
										"root",
										"qSdnaFWfY2un",
										"227h1VMfkiRz",
										"zVFcwtJNS2g6"
									],
									"title": "Windows defender",
									"notePosition": 10,
									"prefix": null,
									"isExpanded": false,
									"type": "text",
									"mime": "text/html",
									"attributes": [],
									"format": "markdown",
									"dataFileName": "Windows defender.md"
								},
								{
									"isClone": false,
									"noteId": "4xV7maA7aq9d",
									"notePath": [
										"root",
										"qSdnaFWfY2un",
										"227h1VMfkiRz",
										"4xV7maA7aq9d"
									],
									"title": "Antivirus",
									"notePosition": 20,
									"prefix": null,
									"isExpanded": false,
									"type": "text",
									"mime": "text/html",
									"attributes": [],
									"format": "markdown",
									"dataFileName": "Antivirus.md"
								},
								{
									"isClone": false,
									"noteId": "baDiDGRYyzYN",
									"notePath": [
										"root",
										"qSdnaFWfY2un",
										"227h1VMfkiRz",
										"baDiDGRYyzYN"
									],
									"title": "Privileges",
									"notePosition": 30,
									"prefix": null,
									"isExpanded": false,
									"type": "text",
									"mime": "text/html",
									"attributes": [],
									"format": "markdown",
									"dataFileName": "Privileges.md"
								},
								{
									"isClone": false,
									"noteId": "Kftz5StHK9lp",
									"notePath": [
										"root",
										"qSdnaFWfY2un",
										"227h1VMfkiRz",
										"Kftz5StHK9lp"
									],
									"title": "Network traffic",
									"notePosition": 40,
									"prefix": null,
									"isExpanded": false,
									"type": "text",
									"mime": "text/html",
									"attributes": [],
									"format": "markdown",
									"dataFileName": "Network traffic.md"
								},
								{
									"isClone": false,
									"noteId": "d71x6a4iYdfO",
									"notePath": [
										"root",
										"qSdnaFWfY2un",
										"227h1VMfkiRz",
										"d71x6a4iYdfO"
									],
									"title": "Volitility",
									"notePosition": 50,
									"prefix": null,
									"isExpanded": false,
									"type": "text",
									"mime": "text/html",
									"attributes": [],
									"format": "markdown",
									"dataFileName": "Volitility.md"
								},
								{
									"isClone": false,
									"noteId": "tG6VJ5bz3GmW",
									"notePath": [
										"root",
										"qSdnaFWfY2un",
										"227h1VMfkiRz",
										"tG6VJ5bz3GmW"
									],
									"title": "Autopsy",
									"notePosition": 60,
									"prefix": null,
									"isExpanded": false,
									"type": "text",
									"mime": "text/html",
									"attributes": [],
									"format": "markdown",
									"dataFileName": "Autopsy.md"
								}
							]
						},
						{
							"isClone": false,
							"noteId": "DtmebZynpu7D",
							"notePath": [
								"root",
								"qSdnaFWfY2un",
								"DtmebZynpu7D"
							],
							"title": "Infrastructure",
							"notePosition": 30,
							"prefix": null,
							"isExpanded": false,
							"type": "text",
							"mime": "text/html",
							"attributes": [],
							"format": "markdown",
							"dirFileName": "Infrastructure",
							"children": [
								{
									"isClone": false,
									"noteId": "eZRtuz7uJ5t0",
									"notePath": [
										"root",
										"qSdnaFWfY2un",
										"DtmebZynpu7D",
										"eZRtuz7uJ5t0"
									],
									"title": "Hardware",
									"notePosition": 10,
									"prefix": null,
									"isExpanded": false,
									"type": "text",
									"mime": "text/html",
									"attributes": [],
									"format": "markdown",
									"dataFileName": "Hardware.md",
									"dirFileName": "Hardware",
									"children": [
										{
											"isClone": false,
											"noteId": "7kJdR8QPg5sM",
											"notePath": [
												"root",
												"qSdnaFWfY2un",
												"DtmebZynpu7D",
												"eZRtuz7uJ5t0",
												"7kJdR8QPg5sM"
											],
											"title": "new note",
											"notePosition": 10,
											"prefix": null,
											"isExpanded": false,
											"type": "text",
											"mime": "text/html",
											"attributes": [],
											"format": "markdown",
											"dataFileName": "new note.md"
										}
									]
								},
								{
									"isClone": false,
									"noteId": "KGOsfOVLyK6B",
									"notePath": [
										"root",
										"qSdnaFWfY2un",
										"DtmebZynpu7D",
										"KGOsfOVLyK6B"
									],
									"title": "Software",
									"notePosition": 20,
									"prefix": null,
									"isExpanded": false,
									"type": "text",
									"mime": "text/html",
									"attributes": [],
									"format": "markdown",
									"dataFileName": "Software.md",
									"dirFileName": "Software",
									"children": [
										{
											"isClone": false,
											"noteId": "XPlgDDhrexsu",
											"notePath": [
												"root",
												"qSdnaFWfY2un",
												"DtmebZynpu7D",
												"KGOsfOVLyK6B",
												"XPlgDDhrexsu"
											],
											"title": "Hyper Visors ",
											"notePosition": 10,
											"prefix": null,
											"isExpanded": false,
											"type": "text",
											"mime": "text/html",
											"attributes": [],
											"format": "markdown",
											"dirFileName": "Hyper Visors",
											"children": [
												{
													"isClone": false,
													"noteId": "umIM0CZTYJ4I",
													"notePath": [
														"root",
														"qSdnaFWfY2un",
														"DtmebZynpu7D",
														"KGOsfOVLyK6B",
														"XPlgDDhrexsu",
														"umIM0CZTYJ4I"
													],
													"title": "Virtual Box",
													"notePosition": 10,
													"prefix": null,
													"isExpanded": false,
													"type": "text",
													"mime": "text/html",
													"attributes": [],
													"format": "markdown",
													"dataFileName": "Virtual Box.md"
												},
												{
													"isClone": false,
													"noteId": "hZwo2xtOWbJ1",
													"notePath": [
														"root",
														"qSdnaFWfY2un",
														"DtmebZynpu7D",
														"KGOsfOVLyK6B",
														"XPlgDDhrexsu",
														"hZwo2xtOWbJ1"
													],
													"title": "Proxmox",
													"notePosition": 20,
													"prefix": null,
													"isExpanded": false,
													"type": "text",
													"mime": "text/html",
													"attributes": [],
													"format": "markdown",
													"dataFileName": "Proxmox.md"
												},
												{
													"isClone": false,
													"noteId": "FmF1imiSuFqG",
													"notePath": [
														"root",
														"qSdnaFWfY2un",
														"DtmebZynpu7D",
														"KGOsfOVLyK6B",
														"XPlgDDhrexsu",
														"FmF1imiSuFqG"
													],
													"title": "VMware",
													"notePosition": 30,
													"prefix": null,
													"isExpanded": false,
													"type": "text",
													"mime": "text/html",
													"attributes": [],
													"format": "markdown",
													"dataFileName": "VMware.md"
												}
											]
										}
									]
								}
							]
						}
					]
				},
				{
					"isClone": false,
					"noteId": "Dp915WO1xb2b",
					"notePath": [
						"root",
						"Dp915WO1xb2b"
					],
					"title": "ACM/Coding",
					"notePosition": 1000000029,
					"prefix": null,
					"isExpanded": true,
					"type": "text",
					"mime": "text/html",
					"attributes": [],
					"format": "markdown",
					"dirFileName": "ACMCoding",
					"children": [
						{
							"isClone": false,
							"noteId": "AHbJgpTOAqPT",
							"notePath": [
								"root",
								"Dp915WO1xb2b",
								"AHbJgpTOAqPT"
							],
							"title": "Sites",
							"notePosition": 10,
							"prefix": null,
							"isExpanded": true,
							"type": "text",
							"mime": "text/html",
							"attributes": [],
							"format": "markdown",
							"dataFileName": "Sites.md",
							"dirFileName": "Sites",
							"children": [
								{
									"isClone": false,
									"noteId": "fQYadaf8Hnwd",
									"notePath": [
										"root",
										"Dp915WO1xb2b",
										"AHbJgpTOAqPT",
										"fQYadaf8Hnwd"
									],
									"title": "new note",
									"notePosition": 10,
									"prefix": null,
									"isExpanded": false,
									"type": "text",
									"mime": "text/html",
									"attributes": [],
									"format": "markdown",
									"dataFileName": "new note.md"
								},
								{
									"isClone": false,
									"noteId": "q4mhYT377eLR",
									"notePath": [
										"root",
										"Dp915WO1xb2b",
										"AHbJgpTOAqPT",
										"q4mhYT377eLR"
									],
									"title": "new note",
									"notePosition": 20,
									"prefix": null,
									"isExpanded": false,
									"type": "text",
									"mime": "text/html",
									"attributes": [],
									"format": "markdown",
									"dataFileName": "1_new note.md"
								}
							]
						}
					]
				}
			]
		}
	]
}